name,price,quantity,address
READY STOCK NIKE AIR FORCE 1 SPRUCE AURA DAISY HIGH GRADE MADE IN VI,81.07268,2208,Sel
100% GRED 4A NIKE AIR FORCE SHADOW ,80.95971,417,Sel
Nike Air Force 1 AF1 LOW WOALL ,52.50124,6331,Mainland 
Nike Air Force 1 AF1 HIGH CUT WOALL ,68.20308,327,Mainland 
Nike Air Force 1 Shadow AF1 Macaron Deconstruction Function Splice Go,61.47679,1619,P
Seluar Tracksuit Yoga Nike/Adidas/Under armour All ,43.77098,852,Sel
Nike Air Force 1 AF1 LOW WOALL ,58.74528,177,Mainland 
READY STOCK 100% GRED 4A NIKE AIR FORCE 1 SHADOW PASTEL C,71.26822,225,Sel
READY STOCK 100% GRED 4A NIKE AIR FORCE 1 S,99.90243,427,Sel
2021  NIKE AIR JORDAN 1 flying man Jordon AJ1 basketball shoes Sneakers men and women shoes couple shoes KASUT NIKE Air Force Jordan Ready Stok Mal,103.31246,0,Mainland 
READY STOCK NIKE AIR FORCE 1 SPRUCE AURA DAISY HIGH GRADE MADE IN VI,62.75841,2405,Sel
READY STOCK 100% GRED 4A NIKE AIR FO,61.54784,657,Sel
Nike Air Force 1 AF1 MAN HIGH CUT WOALL ,40.6322,60,Mainland 
ready stock original Nike Air Max 270 unisex running shoes sport ,249.21206,9,Mainland 
Lowest priceÔºÅMAN Nike Air Force 1 AF1 LOW WOALL ,52.67315,85,Mainland 
(SIZE 36-41) NIKE AIR FORCE 1 AF1 SHADOW PALE IVORY / TROPICAL ,69.78018,54,Negeri Sem
READY STOCK 100% GRED 4A NIKE AIR FORCE 1 PIECE MINU,70.43464,153,Sel
2021NIKE AIR JORDAN 1 flying man Jordon AJ1 basketball shoes Sneakers men and women shoes couple shoes KASUT NIKE Air Force Air Jordan Ready Stok Mal,74.48116,24,Mainland 
Ready stock Nike Air Force 1 Low React D/MS/X AF1 White  ice blue 3M Reflective CQ887,92.58611,44,Mainland 
NEW Nike Air Force 1 Shadow AF1 Macaron Deconstruction Function Splice Go,104.83607,72,Mainland 
Nike Air Force 1 Shadow AF1 Macaron Deconstruction Function Splice Goddess CI091,84.44937,62,Kuala L
Kasut Sneakers ‚ú®nike Air Jordan Air Force 1 Highcut saiz ,68.37356,0,Johor
Nike Air Force 1 Shadow AF1 Macaron Deconstruction Function Splice Goddess CI091,59.74592,45,Mainland 
"Seces Nike Air Force No. 1 ""Starry Sky"" Size: ",178.7516,120,Mainland 
Nike Air Force 1 AF1 dark brown to help men and women Air,169.62255,172,Mainland 
2021  NIKE AIR JORDAN 1 flying man Jordon AJ1 basketball shoes Sneakers men and women shoes couple shoes KASUT NIKE Air Force Air Jordan Ready Stok Mal,97.60567,2,Mainland 
Nike Air Force 1 Af1 High Cut Woall White Outdoor Sports Ru,47.11201,68,Mainland 
Nike Air Force 1 Low ‚ÄúTravis Scott‚Äù white 3M refle,296.60503,69,Mainland 
in stock Nike Air Force 1 AF1 LOW WOALL ,66.09658,37,Mainland 
Brand Airmax Couple Sports Running Trainers Shoes Men Women Size 36-46 Air Ma,106.41468,4942,Mainland 
100% original Nike Air Force 1 AF1 LOW WOALL WHITE 315122-111 classi,131.67298,21,Mainland 
"Seces Nike Air Force No. 1 ""Starry Sky"" Size: ",217.68577,94,Mainland 
Nike Air Force 1 Shadow AF1 Men and Women Sport R,106.61723,30,Mainland 
kasut air force üí•nike air jordan saiz 41 45 ready,74.20667,185,Johor
MEN WOMEN Nike Air Force 1 AF1 LOW WOALL sne,54.56084,7218,Mainland 
"Dengan Nike Air Force One 1 yang sah, lakukan sahaja AF1 berlari r",89.14439,62,Mainland 
Nike Air Force 1 AF1 LOW WOALL WHITE 315122-111 classi,140.03127,43,Mainland 
[ READY STOCK ] Kasut Nike Dior Air Jordan Low Tops Sneakers - Men Women Shoes Fa,236.97379,6,Johor
MEN WOMEN Nike Air Force 1 AF1 LOW WOALL sne,52.98113,798,Mainland 
Nike Air Force 1 Couples Low cut ,38.18016,396,Mainland 
Nike Air Force 1 AF1 LOW WOALL W,109.04289,124,Sel
Nike shoe airforce1 Limited sneakers,99.2389,43,Sel
Nike Air Force 1 High Utility Ins,87.44573,599,Mainland 
Nike Air Force 1 Shadow AF1 Macaron Deconstruction Function Splice Go,36.19109,42,Mainland 
üî•„ÄêORIGINAL„Äëüá≤üáæüî•Nike Air Force 1 Low X G-Dragon Peaceminusone Para,680.65172,15,Perak
Kasut Sneakers ‚ú®nike Air Force 1 saiz 36 40 Ready ,55.8599,2,Johor
üá≤üáæüá≤üáæ Champs Malaysia Nike Air Force 1 Sky Blue Ed,90.86669,117,Kuala L
PRE ORDER!!! Kasut Nike Air Force 1 AF1 LOW WOALL ,95.91797,27,Kel
MEN WOMEN Nike Air Force 1 AF1 LOW WOALL Cute Embroidery Sneakers with Access,96.77018,12,P
Kasut Sneakers ‚ú®nike Air Jordan Air Force 1 saiz 36 40 Ready ,65.04636,0,Johor
